{
  "stats": {
    "suites": 1,
    "tests": 4,
    "passes": 4,
    "pending": 0,
    "failures": 0,
    "start": "2017-05-02T13:27:53.755Z",
    "end": "2017-05-02T13:27:53.774Z",
    "duration": 19,
    "testsRegistered": 4,
    "passPercent": 100,
    "pendingPercent": 0,
    "other": 0,
    "hasOther": false,
    "skipped": 0,
    "hasSkipped": false,
    "passPercentClass": "success",
    "pendingPercentClass": "danger"
  },
  "suites": {
    "title": "",
    "suites": [
      {
        "title": "话费计算",
        "suites": [],
        "tests": [
          {
            "title": "小于一小时且不超过次数",
            "fullTitle": "话费计算 小于一小时且不超过次数",
            "timedOut": false,
            "duration": 1,
            "state": "passed",
            "speed": "fast",
            "pass": true,
            "fail": false,
            "pending": false,
            "code": "expect(telephone_fare.getTelephoneFare(parseFloat(data[0]), parseFloat(data[1])).toFixed(5)).to.be.equal(data[3].toFixed(5));",
            "err": {},
            "isRoot": false,
            "uuid": "fba12643-9e48-42d0-bf0f-9ba56d585dc0",
            "parentUUID": "fa0b5437-1b05-4095-9040-5887a5ab56b2",
            "skipped": false
          },
          {
            "title": "两个小时不超过",
            "fullTitle": "话费计算 两个小时不超过",
            "timedOut": false,
            "duration": 0,
            "state": "passed",
            "speed": "fast",
            "pass": true,
            "fail": false,
            "pending": false,
            "code": "expect(telephone_fare.getTelephoneFare(parseFloat(data[0]), parseFloat(data[1])).toFixed(5)).to.be.equal(data[3].toFixed(5));",
            "err": {},
            "isRoot": false,
            "uuid": "12c5b880-b2b6-49bb-b87c-1354cae4509c",
            "parentUUID": "fa0b5437-1b05-4095-9040-5887a5ab56b2",
            "skipped": false
          },
          {
            "title": "两个小时但超过",
            "fullTitle": "话费计算 两个小时但超过",
            "timedOut": false,
            "duration": 0,
            "state": "passed",
            "speed": "fast",
            "pass": true,
            "fail": false,
            "pending": false,
            "code": "expect(telephone_fare.getTelephoneFare(parseFloat(data[0]), parseFloat(data[1])).toFixed(5)).to.be.equal(data[3].toFixed(5));",
            "err": {},
            "isRoot": false,
            "uuid": "7f6bf4ed-3c67-4798-9bfc-885e16bc4bc3",
            "parentUUID": "fa0b5437-1b05-4095-9040-5887a5ab56b2",
            "skipped": false
          },
          {
            "title": "qweqw",
            "fullTitle": "话费计算 qweqw",
            "timedOut": false,
            "duration": 0,
            "state": "passed",
            "speed": "fast",
            "pass": true,
            "fail": false,
            "pending": false,
            "code": "expect(telephone_fare.getTelephoneFare(parseFloat(data[0]), parseFloat(data[1])).toFixed(5)).to.be.equal(data[3].toFixed(5));",
            "err": {},
            "isRoot": false,
            "uuid": "78b85511-f98e-42cf-9b6f-06781d16a2d8",
            "parentUUID": "fa0b5437-1b05-4095-9040-5887a5ab56b2",
            "skipped": false
          }
        ],
        "pending": [],
        "root": false,
        "_timeout": 2000,
        "file": "\\test\\telephone-fare.test.js",
        "uuid": "fa0b5437-1b05-4095-9040-5887a5ab56b2",
        "fullFile": "C:\\Users\\zhang\\Desktop\\软测\\SoftwareTesting\\test\\telephone-fare.test.js",
        "passes": [
          {
            "title": "小于一小时且不超过次数",
            "fullTitle": "话费计算 小于一小时且不超过次数",
            "timedOut": false,
            "duration": 1,
            "state": "passed",
            "speed": "fast",
            "pass": true,
            "fail": false,
            "pending": false,
            "code": "expect(telephone_fare.getTelephoneFare(parseFloat(data[0]), parseFloat(data[1])).toFixed(5)).to.be.equal(data[3].toFixed(5));",
            "err": {},
            "isRoot": false,
            "uuid": "fba12643-9e48-42d0-bf0f-9ba56d585dc0",
            "parentUUID": "fa0b5437-1b05-4095-9040-5887a5ab56b2",
            "skipped": false
          },
          {
            "title": "两个小时不超过",
            "fullTitle": "话费计算 两个小时不超过",
            "timedOut": false,
            "duration": 0,
            "state": "passed",
            "speed": "fast",
            "pass": true,
            "fail": false,
            "pending": false,
            "code": "expect(telephone_fare.getTelephoneFare(parseFloat(data[0]), parseFloat(data[1])).toFixed(5)).to.be.equal(data[3].toFixed(5));",
            "err": {},
            "isRoot": false,
            "uuid": "12c5b880-b2b6-49bb-b87c-1354cae4509c",
            "parentUUID": "fa0b5437-1b05-4095-9040-5887a5ab56b2",
            "skipped": false
          },
          {
            "title": "两个小时但超过",
            "fullTitle": "话费计算 两个小时但超过",
            "timedOut": false,
            "duration": 0,
            "state": "passed",
            "speed": "fast",
            "pass": true,
            "fail": false,
            "pending": false,
            "code": "expect(telephone_fare.getTelephoneFare(parseFloat(data[0]), parseFloat(data[1])).toFixed(5)).to.be.equal(data[3].toFixed(5));",
            "err": {},
            "isRoot": false,
            "uuid": "7f6bf4ed-3c67-4798-9bfc-885e16bc4bc3",
            "parentUUID": "fa0b5437-1b05-4095-9040-5887a5ab56b2",
            "skipped": false
          },
          {
            "title": "qweqw",
            "fullTitle": "话费计算 qweqw",
            "timedOut": false,
            "duration": 0,
            "state": "passed",
            "speed": "fast",
            "pass": true,
            "fail": false,
            "pending": false,
            "code": "expect(telephone_fare.getTelephoneFare(parseFloat(data[0]), parseFloat(data[1])).toFixed(5)).to.be.equal(data[3].toFixed(5));",
            "err": {},
            "isRoot": false,
            "uuid": "78b85511-f98e-42cf-9b6f-06781d16a2d8",
            "parentUUID": "fa0b5437-1b05-4095-9040-5887a5ab56b2",
            "skipped": false
          }
        ],
        "failures": [],
        "skipped": [],
        "hasTests": true,
        "hasSuites": false,
        "totalTests": 4,
        "totalPasses": 4,
        "totalFailures": 0,
        "totalPending": 0,
        "totalSkipped": 0,
        "hasPasses": true,
        "hasFailures": false,
        "hasPending": false,
        "hasSkipped": false,
        "duration": 1,
        "rootEmpty": false
      }
    ],
    "tests": [],
    "pending": [],
    "root": true,
    "_timeout": 2000,
    "uuid": "654022c3-ccdd-4b62-8b02-a5c2e9974b1d",
    "fullFile": "",
    "file": "",
    "passes": [],
    "failures": [],
    "skipped": [],
    "hasTests": false,
    "hasSuites": true,
    "totalTests": 0,
    "totalPasses": 0,
    "totalFailures": 0,
    "totalPending": 0,
    "totalSkipped": 0,
    "hasPasses": false,
    "hasFailures": false,
    "hasPending": false,
    "hasSkipped": false,
    "duration": 0,
    "rootEmpty": true
  },
  "allTests": [
    {
      "title": "小于一小时且不超过次数",
      "fullTitle": "话费计算 小于一小时且不超过次数",
      "timedOut": false,
      "duration": 1,
      "state": "passed",
      "speed": "fast",
      "pass": true,
      "fail": false,
      "pending": false,
      "code": "expect(telephone_fare.getTelephoneFare(parseFloat(data[0]), parseFloat(data[1])).toFixed(5)).to.be.equal(data[3].toFixed(5));",
      "err": {},
      "isRoot": false,
      "uuid": "fba12643-9e48-42d0-bf0f-9ba56d585dc0",
      "parentUUID": "fa0b5437-1b05-4095-9040-5887a5ab56b2",
      "skipped": false
    },
    {
      "title": "两个小时不超过",
      "fullTitle": "话费计算 两个小时不超过",
      "timedOut": false,
      "duration": 0,
      "state": "passed",
      "speed": "fast",
      "pass": true,
      "fail": false,
      "pending": false,
      "code": "expect(telephone_fare.getTelephoneFare(parseFloat(data[0]), parseFloat(data[1])).toFixed(5)).to.be.equal(data[3].toFixed(5));",
      "err": {},
      "isRoot": false,
      "uuid": "12c5b880-b2b6-49bb-b87c-1354cae4509c",
      "parentUUID": "fa0b5437-1b05-4095-9040-5887a5ab56b2",
      "skipped": false
    },
    {
      "title": "两个小时但超过",
      "fullTitle": "话费计算 两个小时但超过",
      "timedOut": false,
      "duration": 0,
      "state": "passed",
      "speed": "fast",
      "pass": true,
      "fail": false,
      "pending": false,
      "code": "expect(telephone_fare.getTelephoneFare(parseFloat(data[0]), parseFloat(data[1])).toFixed(5)).to.be.equal(data[3].toFixed(5));",
      "err": {},
      "isRoot": false,
      "uuid": "7f6bf4ed-3c67-4798-9bfc-885e16bc4bc3",
      "parentUUID": "fa0b5437-1b05-4095-9040-5887a5ab56b2",
      "skipped": false
    },
    {
      "title": "qweqw",
      "fullTitle": "话费计算 qweqw",
      "timedOut": false,
      "duration": 0,
      "state": "passed",
      "speed": "fast",
      "pass": true,
      "fail": false,
      "pending": false,
      "code": "expect(telephone_fare.getTelephoneFare(parseFloat(data[0]), parseFloat(data[1])).toFixed(5)).to.be.equal(data[3].toFixed(5));",
      "err": {},
      "isRoot": false,
      "uuid": "78b85511-f98e-42cf-9b6f-06781d16a2d8",
      "parentUUID": "fa0b5437-1b05-4095-9040-5887a5ab56b2",
      "skipped": false
    }
  ],
  "allPending": [],
  "allPasses": [
    {
      "title": "小于一小时且不超过次数",
      "fullTitle": "话费计算 小于一小时且不超过次数",
      "timedOut": false,
      "duration": 1,
      "state": "passed",
      "speed": "fast",
      "pass": true,
      "fail": false,
      "pending": false,
      "code": "expect(telephone_fare.getTelephoneFare(parseFloat(data[0]), parseFloat(data[1])).toFixed(5)).to.be.equal(data[3].toFixed(5));",
      "err": {},
      "isRoot": false,
      "uuid": "fba12643-9e48-42d0-bf0f-9ba56d585dc0",
      "parentUUID": "fa0b5437-1b05-4095-9040-5887a5ab56b2",
      "skipped": false
    },
    {
      "title": "两个小时不超过",
      "fullTitle": "话费计算 两个小时不超过",
      "timedOut": false,
      "duration": 0,
      "state": "passed",
      "speed": "fast",
      "pass": true,
      "fail": false,
      "pending": false,
      "code": "expect(telephone_fare.getTelephoneFare(parseFloat(data[0]), parseFloat(data[1])).toFixed(5)).to.be.equal(data[3].toFixed(5));",
      "err": {},
      "isRoot": false,
      "uuid": "12c5b880-b2b6-49bb-b87c-1354cae4509c",
      "parentUUID": "fa0b5437-1b05-4095-9040-5887a5ab56b2",
      "skipped": false
    },
    {
      "title": "两个小时但超过",
      "fullTitle": "话费计算 两个小时但超过",
      "timedOut": false,
      "duration": 0,
      "state": "passed",
      "speed": "fast",
      "pass": true,
      "fail": false,
      "pending": false,
      "code": "expect(telephone_fare.getTelephoneFare(parseFloat(data[0]), parseFloat(data[1])).toFixed(5)).to.be.equal(data[3].toFixed(5));",
      "err": {},
      "isRoot": false,
      "uuid": "7f6bf4ed-3c67-4798-9bfc-885e16bc4bc3",
      "parentUUID": "fa0b5437-1b05-4095-9040-5887a5ab56b2",
      "skipped": false
    },
    {
      "title": "qweqw",
      "fullTitle": "话费计算 qweqw",
      "timedOut": false,
      "duration": 0,
      "state": "passed",
      "speed": "fast",
      "pass": true,
      "fail": false,
      "pending": false,
      "code": "expect(telephone_fare.getTelephoneFare(parseFloat(data[0]), parseFloat(data[1])).toFixed(5)).to.be.equal(data[3].toFixed(5));",
      "err": {},
      "isRoot": false,
      "uuid": "78b85511-f98e-42cf-9b6f-06781d16a2d8",
      "parentUUID": "fa0b5437-1b05-4095-9040-5887a5ab56b2",
      "skipped": false
    }
  ],
  "allFailures": [],
  "copyrightYear": 2017
}